[
  {
    "model": "auth.group",
    "pk": 1,
    "fields": {
      "name": "Employees",
      "permissions": [
        22, 23, 24, 25, 26, 27, 19, 20, 21, 4, 5, 6, 7, 8, 9, 10, 11, 12, 13, 14, 15, 16, 17, 18, 28, 29, 30
      ]
    }
  },
  {
    "model": "accounts.user",
    "pk": 1,
    "fields": {
      "password": "pbkdf2_sha256$36000$vnwHkZU2RiLl$EMak7PTtKVdyzbJFaLVDbf7UtnuRDFKbFm/8R7Es6TQ=",
      "last_login": "2017-09-20T09:24:02.382Z",
      "is_superuser": true,
      "email": "admin@vroomcs.org",
      "first_name": "Vroom",
      "last_name": "Admin",
      "date_of_birth": "2017-09-20",
      "date_joined": "2017-09-20T09:23:25.142Z",
      "is_active": true,
      "is_staff": true,
      "groups": [],
      "user_permissions": []
    }
  },
  {
    "model": "accounts.user",
    "pk": 2,
    "fields": {
      "password": "pbkdf2_sha256$36000$SUWoWOvpGQns$KCTI3deXyACJRG2D2w6TMydn1Ula/1taBh0TwB2zWKY=",
      "last_login": "2017-09-20T09:44:26.590Z",
      "is_superuser": false,
      "email": "staff@vroomcs.org",
      "first_name": "Vroom",
      "last_name": "Staff",
      "date_of_birth": "2017-09-20",
      "date_joined": "2017-09-20T09:43:18.345Z",
      "is_active": true,
      "is_staff": true,
      "groups": [
        1
      ],
      "user_permissions": []
    }
  },
  {
    "model": "accounts.user",
    "pk": 3,
    "fields": {
      "password": "pbkdf2_sha256$36000$onm4sp3USTQg$54Djr3EeWk+m1GYR6qmjZCE9vyW5CcPQp8cJzHUdkL8=",
      "last_login": null,
      "is_superuser": false,
      "first_name": "Marsha",
      "last_name": "Hinds",
      "date_of_birth": "1954-07-05",
      "email": "marsha_hinds@hotmail.com",
      "is_staff": false,
      "is_active": true,
      "date_joined": "2017-09-15T07:08:52Z",
      "groups": [],
      "user_permissions": []
    }
  },
  {
    "model": "accounts.user",
    "pk": 4,
    "fields": {
      "password": "pbkdf2_sha256$36000$suvuRrF1FEPL$KV2bcpNc50HEYpjX3lEKDrTsGCjLhSjLok+SK27Aj2Y=",
      "last_login": null,
      "is_superuser": false,
      "first_name": "Mary",
      "last_name": "Jones",
      "date_of_birth": "1974-01-17",
      "email": "maryjones_@gmail.com",
      "is_staff": false,
      "is_active": true,
      "date_joined": "2017-09-15T07:14:50Z",
      "groups": [],
      "user_permissions": []
    }
  },
  {
    "model": "accounts.user",
    "pk": 5,
    "fields": {
      "password": "pbkdf2_sha256$36000$7TLfJruj9bUJ$X+ekzBZBOWBf1iUXrzIorLGCcsJGS/WJkxAAsa5NqSI=",
      "last_login": null,
      "is_superuser": false,
      "first_name": "John",
      "last_name": "Smith",
      "date_of_birth": "1990-09-12",
      "email": "johnsmith@bippond.com.au",
      "is_staff": false,
      "is_active": true,
      "date_joined": "2017-09-15T07:18:42Z",
      "groups": [],
      "user_permissions": []
    }
  },
  {
    "model": "accounts.user",
    "pk": 6,
    "fields": {
      "password": "pbkdf2_sha256$36000$6A8AVRI6PB20$4hU9S930PwjhiKo1XUgriYHkpvOCgwEjPAkTHfrTRps=",
      "last_login": null,
      "is_superuser": false,
      "first_name": "Matthew",
      "last_name": "Price",
      "date_of_birth": "1995-11-20",
      "email": "matt_price@gmail.com",
      "is_staff": false,
      "is_active": true,
      "date_joined": "2017-09-15T07:21:25Z",
      "groups": [],
      "user_permissions": []
    }
  },
  {
    "model": "accounts.user",
    "pk": 7,
    "fields": {
      "password": "pbkdf2_sha256$36000$gm1DSzBtyte8$VzABlEm1oJCzWCRnivU2HLrR5SKF5R7irD8PRGatp7Y=",
      "last_login": null,
      "is_superuser": false,
      "first_name": "Jason",
      "last_name": "Roff",
      "date_of_birth": "1983-04-14",
      "email": "jasonroff@gmail.com",
      "is_staff": false,
      "is_active": true,
      "date_joined": "2017-09-15T07:23:55Z",
      "groups": [],
      "user_permissions": []
    }
  },
  {
    "model": "accounts.user",
    "pk": 8,
    "fields": {
      "password": "pbkdf2_sha256$36000$RdlkX1j11ase$Xx72qfWtyoVoHab710RgdjX0tYHzERdmhRqBvUOpXEo=",
      "last_login": null,
      "is_superuser": false,
      "first_name": "Elizabeth",
      "last_name": "Hart",
      "date_of_birth": "1953-09-06",
      "email": "liz_hart@hotmail.com",
      "is_staff": false,
      "is_active": true,
      "date_joined": "2017-09-15T07:26:53Z",
      "groups": [],
      "user_permissions": []
    }
  },
  {
    "model": "accounts.user",
    "pk": 9,
    "fields": {
      "password": "pbkdf2_sha256$36000$UiUcc4P4IGIR$Tq0dziSBzfjoRuMGFBB64tB4RvyScSvSATVr/pI35rA=",
      "last_login": null,
      "is_superuser": false,
      "first_name": "Patrick",
      "last_name": "Denahey",
      "date_of_birth": "1987-10-20",
      "email": "patden@hotmail.com",
      "is_staff": false,
      "is_active": true,
      "date_joined": "2017-09-15T07:30:42Z",
      "groups": [],
      "user_permissions": []
    }
  },
  {
    "model": "accounts.user",
    "pk": 10,
    "fields": {
      "password": "pbkdf2_sha256$36000$kA8tREiG8S3q$aVv+FtJkIsnoRIFu/nq/7PnJz9T/FF7YR0WI1vIz6no=",
      "last_login": null,
      "is_superuser": false,
      "first_name": "Christine",
      "last_name": "Dickson",
      "date_of_birth": "1974-02-17",
      "email": "chrisysmily@yahoo.com",
      "is_staff": false,
      "is_active": true,
      "date_joined": "2017-09-15T07:33:36Z",
      "groups": [],
      "user_permissions": []
    }
  },
  {
    "model": "accounts.user",
    "pk": 11,
    "fields": {
      "password": "pbkdf2_sha256$36000$GFM6501d9nx5$Jy8nk6ylFw6YdLn0hHZrgFLCqbZm3NrXMlE0PzZFuHc=",
      "last_login": null,
      "is_superuser": false,
      "first_name": "Peter",
      "last_name": "Merrick",
      "date_of_birth": "1963-09-14",
      "email": "petemerrick@gmail.com",
      "is_staff": false,
      "is_active": true,
      "date_joined": "2017-09-15T07:36:49Z",
      "groups": [],
      "user_permissions": []
    }
  },
  {
    "model": "accounts.user",
    "pk": 12,
    "fields": {
      "password": "pbkdf2_sha256$36000$fLZTA9dNHMn4$ZR/tz0uHS0Fs27CzaeTpww7TnNvMN106apk4K7T62qs=",
      "last_login": null,
      "is_superuser": false,
      "first_name": "Amy",
      "last_name": "Thompson",
      "date_of_birth": "1973-06-06",
      "email": "amythompson@bigpond.com",
      "is_staff": false,
      "is_active": true,
      "date_joined": "2017-09-15T07:39:24Z",
      "groups": [],
      "user_permissions": []
    }
  },
  {
    "model": "accounts.user",
    "pk": 13,
    "fields": {
      "password": "pbkdf2_sha256$36000$7EfvwIBjxSMZ$o2q2mszXjUidZSGGWXtMdHXhB4oNo8IlmU6+0V7ti7M=",
      "last_login": null,
      "is_superuser": false,
      "first_name": "Catherine",
      "last_name": "Borg",
      "date_of_birth": "1984-12-21",
      "email": "cathborg@gmail.com",
      "is_staff": false,
      "is_active": true,
      "date_joined": "2017-09-15T07:43:13Z",
      "groups": [],
      "user_permissions": []
    }
  },
  {
    "model": "accounts.user",
    "pk": 14,
    "fields": {
      "password": "pbkdf2_sha256$36000$fwAgAvoLFghM$FJdirWi11JZbbV5YCclHAIoXt2dAe7lm0QNLXxEQs1s=",
      "last_login": null,
      "is_superuser": false,
      "first_name": "Rachel",
      "last_name": "Rachel",
      "date_of_birth": "1970-01-18",
      "email": "rachel@bigpond.com",
      "is_staff": false,
      "is_active": true,
      "date_joined": "2017-09-15T07:46:46Z",
      "groups": [],
      "user_permissions": []
    }
  },
  {
    "model": "accounts.user",
    "pk": 15,
    "fields": {
      "password": "pbkdf2_sha256$36000$G9iy0v1Wrsx6$M8bqpS8xJ/oazYvUKHMcq9XcecX6vbaA4CPA4nIm/cM=",
      "last_login": null,
      "is_superuser": false,
      "first_name": "Tommy",
      "last_name": "Riddle",
      "date_of_birth": "1950-10-06",
      "email": "tommy_boy@gmail.com",
      "is_staff": false,
      "is_active": true,
      "date_joined": "2017-09-15T07:51:46Z",
      "groups": [],
      "user_permissions": []
    }
  },
  {
    "model": "accounts.user",
    "pk": 16,
    "fields": {
      "password": "pbkdf2_sha256$36000$8j3R8G5BA15E$rajjOElpzMyg8Ee6c3IRetVcdFx8U1nsDop+k7Z2Ewo=",
      "last_login": null,
      "is_superuser": false,
      "first_name": "Harry",
      "last_name": "Potter",
      "date_of_birth": "1983-07-18",
      "email": "potty@hotmail.com",
      "is_staff": false,
      "is_active": true,
      "date_joined": "2017-09-15T07:55:27Z",
      "groups": [],
      "user_permissions": []
    }
  },
  {
    "model": "accounts.address",
    "pk": 1,
    "fields": {
      "user": 1,
      "address_line_1": "123 Admin St",
      "address_line_2": null,
      "city": "Adminville",
      "state": "VIC",
      "postcode": "3000"
    }
  },
  {
    "model": "accounts.address",
    "pk": 2,
    "fields": {
      "user": 2,
      "address_line_1": "19 Stevenage Street",
      "address_line_2": null,
      "city": "Mornington",
      "state": "VIC",
      "postcode": "3931"
    }
  },
  {
    "model": "accounts.address",
    "pk": 3,
    "fields": {
      "user": 3,
      "address_line_1": "8 Roland Street",
      "address_line_2": null,
      "city": "Moonee Ponds",
      "state": "VIC",
      "postcode": "3039"
    }
  },
  {
    "model": "accounts.address",
    "pk": 4,
    "fields": {
      "user": 4,
      "address_line_1": "10 Rawlands Avenue",
      "address_line_2": null,
      "city": "Sunshine",
      "state": "VIC",
      "postcode": "3023"
    }
  },
  {
    "model": "accounts.address",
    "pk": 5,
    "fields": {
      "user": 5,
      "address_line_1": "9 Jam Street",
      "address_line_2": null,
      "city": "Melton",
      "state": "VIC",
      "postcode": "3337"
    }
  },
  {
    "model": "accounts.address",
    "pk": 6,
    "fields": {
      "user": 6,
      "address_line_1": "9 Frank Road",
      "address_line_2": null,
      "city": "Essendon",
      "state": "VIC",
      "postcode": "3040"
    }
  },
  {
    "model": "accounts.address",
    "pk": 7,
    "fields": {
      "user": 7,
      "address_line_1": "Flat 3",
      "address_line_2": "2 Palm Street",
      "city": "Ascot Vale",
      "state": "VIC",
      "postcode": "3032"
    }
  },
  {
    "model": "accounts.address",
    "pk": 8,
    "fields": {
      "user": 8,
      "address_line_1": "9 Richmond Street",
      "address_line_2": null,
      "city": "Brunswick",
      "state": "VIC",
      "postcode": "3056"
    }
  },
  {
    "model": "accounts.address",
    "pk": 9,
    "fields": {
      "user": 9,
      "address_line_1": "22 Jamieson Road",
      "address_line_2": null,
      "city": "Coburg",
      "state": "VIC",
      "postcode": "3053"
    }
  },
  {
    "model": "accounts.address",
    "pk": 10,
    "fields": {
      "user": 10,
      "address_line_1": "80 Box Street",
      "address_line_2": null,
      "city": "Fiztroy",
      "state": "VIC",
      "postcode": "3065"
    }
  },
  {
    "model": "accounts.address",
    "pk": 11,
    "fields": {
      "user": 11,
      "address_line_1": "200 Matthews Road",
      "address_line_2": null,
      "city": "Carlton",
      "state": "VIC",
      "postcode": "3053"
    }
  },
  {
    "model": "accounts.address",
    "pk": 12,
    "fields": {
      "user": 12,
      "address_line_1": "1 Allan Avenue",
      "address_line_2": null,
      "city": "Collingwood",
      "state": "VIC",
      "postcode": "3066"
    }
  },
  {
    "model": "accounts.address",
    "pk": 13,
    "fields": {
      "user": 13,
      "address_line_1": "11 Rainbow Drive",
      "address_line_2": null,
      "city": "Blacktown",
      "state": "NSW",
      "postcode": "2148"
    }
  },
  {
    "model": "accounts.address",
    "pk": 14,
    "fields": {
      "user": 14,
      "address_line_1": "301 Pipe Road",
      "address_line_2": null,
      "city": "Ballarat",
      "state": "VIC",
      "postcode": "3352"
    }
  },
  {
    "model": "accounts.address",
    "pk": 15,
    "fields": {
      "user": 15,
      "address_line_1": "100 Death Road",
      "address_line_2": null,
      "city": "Carlton",
      "state": "VIC",
      "postcode": "3053"
    }
  },
  {
    "model": "accounts.address",
    "pk": 16,
    "fields": {
      "user": 16,
      "address_line_1": "104 Jiff Street",
      "address_line_2": null,
      "city": "Kew",
      "state": "VIC",
      "postcode": "3101"
    }
  },
  {
    "model": "accounts.creditcard",
    "pk": 1,
    "fields": {
      "user": 1,
      "card_number": "1111222233334444",
      "expiry_month": "01",
      "expiry_year": "2020"
    }
  },
  {
    "model": "accounts.creditcard",
    "pk": 2,
    "fields": {
      "user": 2,
      "card_number": "5610591081018250",
      "expiry_month": "07",
      "expiry_year": "2018"
    }
  },
  {
    "model": "accounts.creditcard",
    "pk": 3,
    "fields": {
      "user": 3,
      "card_number": "‎378734493671000",
      "expiry_month": "01",
      "expiry_year": "2020"
    }
  },
  {
    "model": "accounts.creditcard",
    "pk": 4,
    "fields": {
      "user": 4,
      "card_number": "‎633110199999001",
      "expiry_month": "12",
      "expiry_year": "2019"
    }
  },
  {
    "model": "accounts.creditcard",
    "pk": 5,
    "fields": {
      "user": 5,
      "card_number": "4024007120125611",
      "expiry_month": "11",
      "expiry_year": "2020"
    }
  },
  {
    "model": "accounts.creditcard",
    "pk": 6,
    "fields": {
      "user": 6,
      "card_number": "5531114776944841",
      "expiry_month": "02",
      "expiry_year": "2021"
    }
  },
  {
    "model": "accounts.creditcard",
    "pk": 7,
    "fields": {
      "user": 7,
      "card_number": "6011332830976594",
      "expiry_month": "12",
      "expiry_year": "2019"
    }
  },
  {
    "model": "accounts.creditcard",
    "pk": 8,
    "fields": {
      "user": 8,
      "card_number": "377240330537504",
      "expiry_month": "04",
      "expiry_year": "2022"
    }
  },
  {
    "model": "accounts.creditcard",
    "pk": 9,
    "fields": {
      "user": 9,
      "card_number": "4485627003166986",
      "expiry_month": "03",
      "expiry_year": "2025"
    }
  },
  {
    "model": "accounts.creditcard",
    "pk": 10,
    "fields": {
      "user": 10,
      "card_number": "5578932992786876",
      "expiry_month": "05",
      "expiry_year": "2019"
    }
  },
  {
    "model": "accounts.creditcard",
    "pk": 11,
    "fields": {
      "user": 11,
      "card_number": "6011146838196736",
      "expiry_month": "10",
      "expiry_year": "2021"
    }
  },
  {
    "model": "accounts.creditcard",
    "pk": 12,
    "fields": {
      "user": 12,
      "card_number": "378752357780477",
      "expiry_month": "09",
      "expiry_year": "2023"
    }
  },
  {
    "model": "accounts.creditcard",
    "pk": 13,
    "fields": {
      "user": 13,
      "card_number": "372127831467494",
      "expiry_month": "13",
      "expiry_year": "2020"
    }
  },
  {
    "model": "accounts.creditcard",
    "pk": 14,
    "fields": {
      "user": 14,
      "card_number": "6011616695130556",
      "expiry_month": "08",
      "expiry_year": "2022"
    }
  },
  {
    "model": "accounts.creditcard",
    "pk": 15,
    "fields": {
      "user": 15,
      "card_number": "6011472282312706",
      "expiry_month": "11",
      "expiry_year": "2021"
    }
  },
  {
    "model": "accounts.creditcard",
    "pk": 16,
    "fields": {
      "user": 16,
      "card_number": "5269155179424848",
      "expiry_month": "03",
      "expiry_year": "2020"
    }
  }
]
